S.No.,Name,Time
1,Mayank,4.27636194229126
2,Mayank,10.843479633331299
