S.No.,Name,Time
1,Osama,4.706846475601196
2,Osama,12.477771759033203
3,Osama,12.650241136550903
4,Osama,12.90181827545166
5,Osama,13.026960134506226
6,Osama,13.4338059425354
7,Osama,13.74729585647583
8,Osama,13.841825008392334
